title,description,emails,company,location,salary,is_job,url,domain,scraped_at
"66,000+ Full Stack Developer Jobs in Worldwide","66,000+ Full Stack Developer jobs in Worldwide Skip to main content LinkedIn Full Stack Developer in Worldwide Expand search This button displays the currently selected search type. When expanded it provides a list of search options that will switch the search inputs to match the current selection. Jobs People Learning Clear text Clear text Clear text Clear text Clear text Sign in Join now Any time Any time (63,831) Past month (44,403) Past week (16,869) Past 24 hours (3,737) Done Company Clear text Deloitte (285) NxtWave (45) Persistent Systems (35) Netflix (8) Wanderlog (4) Done Job type Full-time (61,372) Part-time (391) Contract (3,299) Temporary (88) Volunteer (39) Done Experience level Internship (904) Entry level (11,159) Associate (3,796) Mid-Senior level (41,806) Director (1,608) ",,N/A,N/A,N/A,True,https://www.linkedin.com/jobs/full-stack-developer-jobs-worldwide,www.linkedin.com,2025-10-02 13:43:22
FullStack Developer,"FullStack Developer at Barclays Skip to main content Search Keyword Search City, State, or ZIP Search Your account ? Helpdesk Click here to connect with our resourcing helpdesk team Saved jobs You do not have any saved jobs Menu About Us About Barclays Inclusion & Opportunities Wellbeing Benefits Business Areas Technology Explore more Early Careers Overview Graduates Interns Apprenticeships Locations Americas APAC EMEA UK Our Stories Your jobs Jobs for you Banking Associate Summer Internship Program 2026 Houston Houston (United States) DACA Operations Analyst Whippany (United States) Data Caching Engineer Pune (India) Internal Audit - Financial Crime AVP Wilmington (United States), Whippany (United States) AI Developer Pune (India) AI Developer Pune (India) Data Engineer Pune (India) HR Po",,N/A,N/A,N/A,True,https://search.jobs.barclays/job/pune/fullstack-developer/13015/74052031552,search.jobs.barclays,2025-10-02 13:43:22
319 Full Stack Development Jobs,"319 Full Stack Development Jobs in Oct 2025 | Internshala Close Cancel Close Close Close Close Cancel Yes Oops, your browser does not support Javascript. Please use Internshala in another browser. Loading, please wait... Student Employer / T&P Login with Google OR Email Password Forgot password? Login New to Internshala? Register ( Student / Company ) Your account is put on hold. Your account is put on hold. What happened? We have determined that this account is violation of Internshala's rules . Specifically for, If you wish to appeal this, or seek further clarification, please contact our team at complaints@internshala.com If this has happened by mistake, it will automatically be reverted within 24 hours. Internships Jobs Certification Courses OFFER Placement Courses with AI Contact Us R","emily@netsach.co.in, support@internshala.com, complaints@internshala.com, helpdesk@internshala.com, register@netsachglobal.com, john@example.com",N/A,N/A,N/A,True,https://internshala.com/jobs/full-stack-development-jobs/,internshala.com,2025-10-02 13:43:22
Remote Full-Stack Programming Jobs,Remote Full-Stack Programming Jobs Join the World's Largest Remote Community. We're waiting for you! Connect and Grow Today! Jobs Top Trending Remote Jobs New! All Jobs Programming Full-Stack Programming Front-End Programming Back-End Programming Design Devops and Sysadmin Management and Finance Product Customer Support Sales and Marketing All Other Jobs Full-Time Contract Community Blog Podcast Remote Work Trends Remote Work Community New! Find work Top 100 Remote Companies Top Remote Job Searches View All Jobs Posted New! Automate your Job Search New! FAQ - Job Seekers Contact Support RSS Feed Remote Work Resources Career Services Resume Review Service New! Automate your Job Search New! Find talent Remote Hiring Guide Hiring Remote Software Developers Why Choose WWR? FAQ - Employers Save,"matt@tinyboards.co, LogoV1@2x-0a9767ad0b720e9e8dbd3eec46aae833a7a5a7d0a7759e7acc6bae0ac5c4fad6.png",N/A,N/A,N/A,True,https://weworkremotely.com/categories/remote-full-stack-programming-jobs,weworkremotely.com,2025-10-02 13:43:22
Full Stack Developer Jobs in Pune,Full Stack Developer Jobs in Pune - GeeksforGeeks Skip to content Courses DSA / Placements GATE 2026 Prep ML & Data Science Development Cloud / DevOps Programming Languages All Courses Tutorials Python Java DSA ML & Data Science Interview Corner Programming Languages Web Development GATE CS Subjects DevOps School Learning Software and Tools Practice Practice Coding Problems Nation Skillup- Free Courses Problem of the Day Jobs Apply Now! Post Jobs Jobs Updates Notifications Mark all as read All View All Notifications Mark all as read All Unread Read You're all caught up!! Guidelines to Write Experiences Write Interview Experience Write Work Experience Write Admission Experience Write Campus Experience Write Engineering Experience Write Coaching Experience Write Professional Degree Experienc,,N/A,N/A,N/A,True,https://www.geeksforgeeks.org/work-experiences/full-stack-developer-jobs-in-pune/,www.geeksforgeeks.org,2025-10-02 13:43:22
Job search | Amazon.jobs,"Job search | Amazon.jobs Skip to main content Home Teams Locations Job categories My career My applications My profile Account security Settings Sign out Resources Disability accommodations Benefits Inclusive experiences Interview tips Leadership principles Working at Amazon FAQ × JOIN US ON Find Careers Job Categories Teams Locations US and EU Military recruiting Warehouse and Hourly Jobs Working At Amazon Culture Benefits Amazon Newsletter Inclusive experiences Our leadership principles Help FAQ Interview tips Review application status Disability accommodations Legal disclosures and notices Amazon is an equal opportunity employer and does not discriminate on the basis of protected veteran status, disability, or other legally protected status. Privacy and Data Impressum © 1996-2025, Amazo",,N/A,N/A,N/A,True,https://www.amazon.jobs/en/search?base_query=full+stack+developer&loc_query=&job_count=10&result_limit=10&sort=relevant&cache,www.amazon.jobs,2025-10-02 13:43:22
"11,000+ Full Stack Developer Jobs in India","11,000+ Full Stack Developer jobs in India Skip to main content LinkedIn Full Stack Developer in India Expand search This button displays the currently selected search type. When expanded it provides a list of search options that will switch the search inputs to match the current selection. Jobs People Learning Clear text Clear text Clear text Clear text Clear text Join now Sign in Any time Any time (10,956) Past month (7,739) Past week (2,912) Past 24 hours (523) Done Company Clear text NxtWave (45) Capgemini (34) Persistent Systems (27) Deloitte (13) Deccan AI (6) Done Job type Full-time (10,411) Part-time (33) Contract (500) Temporary (6) Volunteer (2) Done Experience level Internship (112) Entry level (1,910) Associate (682) Mid-Senior level (7,512) Director (114) Done Location Clear t",,N/A,N/A,N/A,True,https://in.linkedin.com/jobs/full-stack-developer-jobs,in.linkedin.com,2025-10-02 13:43:22
Software Engineering jobs at Mastercard,"Software Engineering Jobs at Mastercard Software Engineering jobs at Mastercard View all Software Engineering jobs Explore software engineer jobs and build the future of payments and beyond As a Software Engineer at Mastercard, you will design, build, and optimize high-performing, highly scalable software solutions and products for some of the world's top brands. Using advanced cloud platforms, AI frameworks, and secure blockchain technologies, your work will transcend borders, connecting communities and transforming commerce. You will play a vital role in how billions of people interact with payments and beyond. Here, creativity thrives, curiosity is celebrated, and bold ideas are embraced. We empower our employees to make decisions, take ownership of their careers, and drive meaningful c",,N/A,N/A,N/A,True,https://careers.mastercard.com/us/en/c/software-engineering-jobs,careers.mastercard.com,2025-10-02 13:43:22
".NET Full Stack Developer, Associate",".NET Full Stack Developer, Associate at BlackRock Skip to main content Toggle Mobile Menu Life at BlackRock Who we are Our culture Benefits Career development Our Global Talent & Culture Blog Students & Graduates Students & Graduates overview Americas Europe & Middle East (EMEA) Asia Pacific (APAC) Locations BlackRock.com Alumni Network Saved Jobs (0) Talent Community Search Jobs Search Jobs Keyword(s) Location Search .NET Full Stack Developer, Associate Locations: Bengaluru, India Apply Now Jump To: Overview Job Description BlackRock Principles Career Path Benefits Overview of Technology roles At BlackRock, technology has always been at the core of what we do – and today, our technologists continue to shape the future of the industry with their innovative work. We are not only curious but","Disability.Assistance@blackrock.com, ?subject=.NET%20Full%20Stack%20Developer%2C%20Associate&body=https%3a%2f%2fcareers.blackrock.com%2fjob%2fbengaluru%2fnet-full-stack-developer-associate%2f45831%2f86286124272%3futm_source%3demail%26utm_medium%3dsocial_post%26utm_campaign%3dBlackRock_social",N/A,N/A,N/A,True,https://careers.blackrock.com/job/bengaluru/net-full-stack-developer-associate/45831/86286124272,careers.blackrock.com,2025-10-02 13:43:22
Search Jobs,Search Jobs — Google Careers Careers Careers Skip navigation links home home Home Home work_outline work_outline Jobs Jobs noogler_hat noogler_hat Students Students google google How we work How we work handyman handyman How we hire How we hire person_outline person_outline Your career Your career help_outline Help link feedback Send feedback more_vert Help Send Feedback Sign in Careers Careers home Home work_outline Jobs expand_less Job search Recommended jobs Saved jobs Job alerts AI at Google noogler_hat Students expand_more google How we work expand_more handyman How we hire expand_more person_outline Your career expand_more Search Jobs Search sidebar 997 jobs matched Clear filters What do you want to do? Locations expand_more Experience expand_more Skills & qualifications expand_more ,,N/A,N/A,N/A,True,https://www.google.com/about/careers/applications/jobs/results?q=full+stack+development,www.google.com,2025-10-02 13:43:22
Full Stack Developer,"Full Stack Developer Roadmap Master SQL with our new premium course Announcing our SQL course Start Learning Visit → AI Tutor SQL Course New Our premium SQL course Get Started Pick a path and get started Projects Skill-up with real-world projects Guides In-depth articles and tutorials Teams Collaborate with your team Advertise Promote your product or service Roadmaps Official Roadmaps Made by subject matter experts AI Roadmaps Generate roadmaps with AI Community Roadmaps Made by community members AI Tutor Create with AI Learn something new with AI Test my Skills Test your skills with AI Ask AI Tutor Career, resume guidance, and more Roadmap Chat Chat with AI Tutor about a roadmap Login Sign Up Roadmaps AI Tutor Guides Account Logout Login Sign Up Close popup Login or Signup You must be log",,N/A,N/A,N/A,True,https://roadmap.sh/full-stack,roadmap.sh,2025-10-02 13:43:22
Full Stack Developer Jobs,"Full Stack Developer Jobs (October 2025) | Empllo e m p l l o formerly TryRemotely Find a job Engineering Design Customer Support Finance Management Product Sales Content All Other Browse All Jobs → Find a company Browse All Companies Top 100 Remote Companies Resources Job Copilot New AI Tools Interview Questions Browse by Roles Browse by Skills Blog Log in Post a job Sign up Open main menu e m p l l o formerly TryRemotely For job seekers Log in Jobs Companies AI Tools New Interview Questions Blog For companies Log in Post a job Full Stack Developer Jobs Discover the best full stack developer jobs at the world's top companies. Location Location North America (14,455) United States (477) Canada (328) Mexico (124) Panama (16) Costa Rica (16) Dominican Republic (9) Guatemala (8) Puerto Rico (","hello@empllo.com, b012fee7b6b845e58a3c15578ab577f3@o4505289601515520.ingest.sentry.io",N/A,N/A,N/A,True,https://empllo.com/full-stack-developer-jobs,empllo.com,2025-10-02 13:43:22
"Full Stack Developer Jobs in 2025: Titles, Roles, Levels","Full Stack Developer Jobs in 2025: Titles, Roles, Levels Blog All Courses Software Development DevOps Data Science & ML Software Engineering Courses Career Roadmap Data Science Roadmap Web Development Roadmap Front End Developer Roadmap Backend Developer Roadmap Full Stack Developer Roadmap Machine Learning Roadmap SDE Roadmap DSA Roadmap Data Analyst Roadmap Data Engineer Roadmap Software Architect Roadmap MLOps Roadmap DevOps Roadmap Java Full Stack Developer Roadmap Masterclasses Categories Software Development Data Science and Business Analytics Press Announcements Blog All Courses Software Development DevOps Data Science & ML Software Engineering Courses Career Roadmap Data Science Roadmap Web Development Roadmap Front End Developer Roadmap Backend Developer Roadmap Full Stack Develop",,N/A,N/A,N/A,True,https://www.scaler.com/blog/full-stack-developer-jobs/,www.scaler.com,2025-10-02 13:43:22
