title,description,emails,company,location,salary,query,url,domain,scraped_at
React Native jobs,React Native Developer Jobs | 2420+ open jobs | WeAreDevelopers WAD Home Page Watch Read Attend Tech Jobs Salary Insights For Companies Login Skip to main content Job Board Browse through perfect matching jobs Company Board Find the right team for you to work in Developer sign up Solutions Employer Branding Tech Recruiting Product Marketing Event Partnerships 2026 Post a job Products Talent Marketing Membership Product Marketing Membership WeAreDevelopers World Congress Job Platform Insights Res,,N/A,N/A,N/A,React Native developer jobs,https://www.wearedevelopers.com/en/jobs/s/react-native,www.wearedevelopers.com,2025-10-01 17:47:04
N/A,Request unsuccessful. Incapsula incident ID: 972000060686642445-812869479054442928,,N/A,N/A,N/A,React Native developer jobs,https://www.turing.com/jobs/remote-react-native-jobs,www.turing.com,2025-10-01 17:47:04
"12,537 React Native Jobs in All india","React Native Jobs in India - 12,537 React Native Job vacancies in India Home Jobs Career Support Profile Booster Application Highlighter Resume Writing Check Your Resume View All E-Learning Sales & Marketing Information & Technology Operation Management Human Resources View All More Career Guidance Trending Blogs Login Register For Employers Employer Login Conduct Hackathons Welcome! Login Register Go To Home Jobs Job Seeking Assistance Courses Blogs Career Guidance Company Settings react-native","gayatri.rajesh-gupta@capgemini.com, sunil.kumar6@hindustantimes.com, careerplus999@gmail.com, shruti.varude@capgemini.com, dhruv.patel@delta-ssi.net",N/A,N/A,N/A,React Native developer jobs,https://www.shine.com/job-search/react-native-jobs-in-all-india,www.shine.com,2025-10-01 17:47:15
Application Developer - iOS & Android Platform,Application Developer - iOS & Android Platform  | hirist.tech You need to enable JavaScript to run this app. Artificial Intelligence Machine Learning NLP Generative AI Predictive Modeling Query Segmentation AI Interface LLM Deep Learning MLOps Security Architect - AI Cloud Architect - ML/AI Data Scientist Data Modeling Data Analytics & BI Analytics Data Science Data Mining Tableau Power BI Quantitative Analytics Data Visualization Data Analyst Data Engineering Data Engineering Big Data Hadoop Hi,"early-applicant@2x.jpg, resume-builder@2x.jpg",N/A,N/A,N/A,React Native developer jobs,https://www.hirist.tech/j/application-developer-ios-amp-android-platform-1-4-yrs-1549165,www.hirist.tech,2025-10-01 17:47:16
React Native Developer,React Native Developer | Freelancer Hire freelancers By skill Looking for a freelancer with a specific skill? Start here. By location Search for freelancers based on their location and timezone. By category Find freelancers that suit a certain project category. Graphic designers Website designers Mobile app developers Software developers 3D artists Illustration Other popular skills View more Web developers Writers Marketing specialists SEO specialists Data entry clerks Virtual assistants Transla,jane@freelancer.com,N/A,N/A,N/A,React Native developer jobs,https://www.freelancer.com/projects/react-native/React-Native-Developer-39809866.html,www.freelancer.com,2025-10-01 17:47:16
Web3 Jobs,"Web3 Jobs: Blockchain, Smart Contract and Crypto Jobs Create a profile Post Job Web3 Jobs Home Login Create a Profile Hire API Advertise Buy a Bundle Post a Job Applicant AI ATS Salaries Developer Salaries Non-Tech Salaries Highest Paying Web3 Jobs Solana vs Ethereum Salary Internships TOP Web3 Internships Web3 Internships Entry Developer Jobs Entry Non-tech Jobs Entry Designer Jobs Learn Learn Web3 Learn Web3 All Articles Books Bootcamps Challenges Courses Interviews Newss Open Sources Tutorial",ryan@tradegenius.com,N/A,N/A,N/A,React Native developer jobs,https://web3.career/,web3.career,2025-10-01 17:47:18
"8,000+ React Native Developer Jobs in India","8,000+ React Native Developer jobs in India Agree & Join LinkedIn By clicking Continue to join or sign in, you agree to LinkedIn’s User Agreement , Privacy Policy , and Cookie Policy . Skip to main content LinkedIn React Native Developer in India Expand search This button displays the currently selected search type. When expanded it provides a list of search options that will switch the search inputs to match the current selection. Jobs People Learning Clear text Clear text Clear text Clear text",,N/A,N/A,N/A,React Native developer jobs,https://in.linkedin.com/jobs/react-native-developer-jobs,in.linkedin.com,2025-10-01 17:47:25
Jobs - React Native Developer - Red Foundry,Jobs - React Native Developer - Red Foundry Home Services Portfolio Industries Custom Business Apps Custom Travel Apps Custom Association Applications About Careers with Red Foundry Blog Contact Home Services Portfolio Industries Custom Business Apps Custom Travel Apps Custom Association Applications About Careers with Red Foundry Blog Contact Thank you for your interest in our React Native Developer position! About The Position We are seeking Experienced React Native Developers to work on our C,"jobs@redfoundry.com, sales@redfoundry.com",N/A,N/A,N/A,React Native developer jobs,https://www.redfoundry.com/jobs-react-native-developer/,www.redfoundry.com,2025-10-01 17:47:28
React Native Developer Jobs in Lahore,"React Native Developer Jobs in Lahore Jobseeker Employer Contact Sign Up Login Jobs in Lahore By Type Part Time Jobs in Lahore Online Jobs in Lahore Jobs in Lahore By Category Computer Software Jobs in Lahore Education Jobs in Lahore IT Jobs in Lahore Companies Offering Jobs in Lahore Amrood Labs BazarAf Blazor Technologies Inc DevHutch DROIDOR Enterprise Software Solutions Groundlink Worldwide Hashlogics Ignite Solutions Marketing Fuel - MF Connect Rubal Enterprises SoftLogics Superb Developer ",,N/A,N/A,N/A,React Native developer jobs,https://www.mustakbil.com/jobs/pakistan/lahore/react-native-developer,www.mustakbil.com,2025-10-01 17:47:29
React JS and React Native developer jobs (Jobs - Full Time Jobs),React JS and React Native developer jobs (Jobs - Full Time Jobs) React JS and React Native developer jobs (Jobs - Full Time Jobs) INNetAds > Jobs > Full Time Jobs Item ID 3043730 in Category: Jobs - Full Time Jobs React JS and React Native developer jobs React JS and React Native developer jobs JD: Design and develop high-quality web applications using React.js with a focus on performance and scalability. Implement interactive and responsive data visualizations using Highcharts and other chartin,,N/A,N/A,N/A,React Native developer jobs,http://www.innetads.com/view/item-3043730-React-JS-and-React-Native-developer-jobs.html,www.innetads.com,2025-10-01 17:47:32
"Job Details  
            





Email to Friend
Save
Back","React Native Developer Job - 14658 | Techwin Labs | fulltimejobs.com POST YOUR RESUME EMPLOYER Post Job Search Resume LOGIN Job Seeker Employer/Recruiter REGISTER Job Seeker Employer/Recruiter Job Details Email to Friend Save Back React Native Developer Mohali-PSEB, Ph-8-160161, Punjab, India 03/11/2019 Annual Salary(INR): - Required Skills xcode, gradle, jest , android studio Company Techwin Labs Experience 1 to 2 Year(s) Job Description We are looking for a React Native developer interested in",,N/A,N/A,N/A,React Native developer jobs,https://in.fulltimejobs.com/jobs/14658/2536/react-native-developer-jobs-in-mohali,in.fulltimejobs.com,2025-10-01 17:47:35
React Native Developer,"React Native Developer | Apply on Job React Native Developer Required Skills React Native JavaScript TypeScript Job Description Job Title: React Native Developer Job Type: Full-time Location: Remote About Us: At micro1, we’re all about connecting skilled remote professionals with some of the best companies in Silicon Valley. Our mission is to offer a stable, competitive income, along with access to top industry opportunities—all in a flexible work setting with a range of great benefits. We’re he",,N/A,N/A,N/A,React Native developer jobs,https://jobs.micro1.ai/post/267188f8-bafc-4556-bbcc-e486ec24972a,jobs.micro1.ai,2025-10-01 17:47:36
React Native Developer Job OpeningJob Opening,React Native Developer Jobs - Cranai Infotech LLP Skip links Skip to primary navigation Skip to content Services App Development Chatbot Development Blockchain Development game Development Web Development AI Development CMS Development Search Engine Optimization Graphic Design Ecommerce Development AR/VR Development CRM/ERP Development Digital Marketing Animation Solution Software Development IoT Development Cloud Computing UI/UX Design Technologies Hire Developers Portfolio Industries About Abo,"career@cranai.com, info@hub.com, Mask-Group-2@2x.png, Mask-Group-2@2x-129x300.png, 3D-Man@2x.png, info@cranai.com, bg-2@2x-scaled-1.jpeg, 3D-Man@2x-300x269.png, 3D-Man@2x-600x539.png",N/A,N/A,N/A,React Native developer jobs,https://www.cranai.com/react-native-developer-jobs/,www.cranai.com,2025-10-01 17:47:46
Urgent Hiring for React Native Developer | IndiaOnJobs | Jobs in India | India Jobs,Urgent Hiring for React Native Developer | IndiaOnJobs | Jobs in India | India Jobs info@indiaonjobs.com Employer Register Login Information Browse Jobs All Jobs Advance Search Locations Function area Search by Company International Jobs IndiaOnJobs Americaonjobs Services Resume Writing Interview Preparation Corporate Training Post Job Data Base Candidate  Register  | Login Home Job Search All Jobs Advance Search Locations Function area Search by Company International Jobs Indiaonjobs Americaonj,info@indiaonjobs.com,N/A,N/A,N/A,React Native developer jobs,https://www.indiaonjobs.com/job-detail/urgent-hiring-for-react-native-developer,www.indiaonjobs.com,2025-10-01 17:47:48
"22,000+ React Native Jobs in Worldwide","22,000+ React Native jobs in Worldwide Agree & Join LinkedIn By clicking Continue to join or sign in, you agree to LinkedIn’s User Agreement , Privacy Policy , and Cookie Policy . Skip to main content LinkedIn React Native in Worldwide Expand search This button displays the currently selected search type. When expanded it provides a list of search options that will switch the search inputs to match the current selection. Jobs People Learning Clear text Clear text Clear text Clear text Clear text",,N/A,N/A,N/A,React Native developer jobs,https://www.linkedin.com/jobs/react-native-jobs-worldwide,www.linkedin.com,2025-10-01 17:47:54
36 React Native Jobs,"36 React Native Jobs in Oct 2025 | Internshala Close Cancel Close Close Close Close Cancel Yes Oops, your browser does not support Javascript. Please use Internshala in another browser. Loading, please wait... Student Employer / T&P Login with Google OR Email Password Forgot password? Login New to Internshala? Register ( Student / Company ) Your account is put on hold. Your account is put on hold. What happened? We have determined that this account is violation of Internshala's rules . Specifica","helpdesk@internshala.com, john@example.com, complaints@internshala.com, support@internshala.com",N/A,N/A,N/A,React Native developer jobs,https://internshala.com/jobs/react-native-jobs/,internshala.com,2025-10-01 17:47:55
react native developer jobs,react native developer jobs | Dice.com Search Jobs Recommended Jobs Search All filters Close Filter Results Job post features Selecting these options will only show you job post results that have these features. Easy apply ( 39 ) Posted date This is the date the job was posted by a recruiter or employer. Select one. No preference Today ( 6 ) Last 3 days ( 9 ) Last 7 days ( 17 ) Work settings Are you thinking jammies or something more formal? You can select multiple options. Remote Work from anyw,,N/A,N/A,N/A,React Native developer jobs,https://www.dice.com/jobs/q-react+native+developer-jobs,www.dice.com,2025-10-01 17:48:07
ReactNative Developer,ReactNative Developer - tudip.com Menu #GameChanger EN Industries Learning Fintech Gaming Healthcare Manufacturing OTT Supply Chain & Logistics Telecom & Network Travel & Hospitality Case Studies Shell (MachineMax) Read More News & Events AI in Healthcare: Responsible ... Read More Services AI/ML Agentic AI AI Strategy Consulting Conversational AI GenAI Intelligent Automation ML Model Customization NLP Solutions Predictive Analytics Proactive Cybersecurity Smart IT Operations Transformative AI C,"info@tudip.com, joinus@tudip.com",N/A,N/A,N/A,React Native developer jobs,https://tudip.com/jobs/india/reactnative-developer/,tudip.com,2025-10-01 17:48:11
React Native Developer Jobs | Remote React Native Developer Jobs @ Giriraj Digital  | GIRIRAJ DIGITAL,"React Native Developer Jobs | Remote React Native Developer Jobs @ Giriraj Digital  | GIRIRAJ DIGITAL Home Who we are Company Overview We're dedicated to fostering positive change for everyone. With our dedicated team, we turn beliefs into action every day, leveraging innovation and collective knowledge to achieve the extraordinary. Company Overview Leadership Team Meet Our Dynamic Leadership Team Get to know the visionary minds behind our success. Learn about our experienced leadership team dri",career@girirajdigital.com,N/A,N/A,N/A,React Native developer jobs,https://www.girirajdigital.com/about/career/react-native-developer-job/,www.girirajdigital.com,2025-10-01 17:48:13
N/A,,,N/A,N/A,N/A,React Native developer jobs,https://reactnative-jobs.com/,reactnative-jobs.com,2025-10-01 17:48:18
React Native jobs from around the world – React Native Jobs,"React Native jobs from around the world – React Native Jobs ReactNativeJobs.com Built With React Native Blog Post a Job Find Your Next React Native Job Lemon.io Senior React.js Full-stack Developer Full-time Latin America, Europe, Canada, United Kingdom, Indonesia, Papua New Guinea, Philippines, Australia/New Zealand Details Apply Featured Jul 16 Get a weekly email with the best React Native jobs. Subscribe See all jobs Get a weekly email with the best React Native jobs. Subscribe Built by Jimmy",jack@dynamitejobs.com,N/A,N/A,N/A,React Native developer jobs,https://reactnativejobs.com/,reactnativejobs.com,2025-10-01 17:48:24
1717+ React Native Jobs,"1717+ React Native Jobs, October 2025 Press return to search Subscribe Post a job Post new job Sign In Blog Subscribe Job type Full-time Part-time Contract Clear all Location Open to remote Popular filters Remote React Native Jobs Full-time React Native Jobs Part-time React Native Jobs Contract React Native Jobs Internship React Native Jobs Lead React Native Jobs Senior React Native Jobs Mid-level React Native Jobs Junior React Native Jobs Job filters Close menu Job type Full-time Part-time Cont","you@example.com, hi@reactjobs.io",N/A,N/A,N/A,React Native developer jobs,https://reactjobs.io/jobs/react-native,reactjobs.io,2025-10-01 17:48:27
N/A,,,N/A,N/A,N/A,React Native developer jobs,https://djinni.co/jobs/769112-react-react-native-developer/,djinni.co,2025-10-01 17:48:33
Careers at Optum India,"Careers | Optum India Skip to main content Site Logo Solutions Global employee benefits Global operations Healthcare insights About About us Careers News Corporate social responsibility Diversity, equity and inclusion Contact us Solutions Global employee benefits Global operations Healthcare insights About About us Careers News Corporate social responsibility Diversity, equity and inclusion Home Section Caring. Connecting. Growing together. Careers at Optum India Explore current job opportunitie",,N/A,N/A,N/A,React Native developer jobs,https://www.optum.in/about/careers.html,www.optum.in,2025-10-01 17:48:33
Let's democratize financefor India.,"Careers at Groww - Job Openings & Vacancy CAREERS Let's democratize finance for India. VIEW OPENINGS Imagine this Clean glass walls, smooth grey carpets, and young people walking around in crisp suits. Greys. Blues. Blacks. Groww is nothing like that There’s no grey in groundbreaking, and we never have the blues. We work hard, yes. But as a team, we also have fun while at it. +1 +1 +1 +1 +1 And it isn’t easy Every day at Groww is fast-paced, full of challenges, and filled with serious responsibi",,N/A,N/A,N/A,React Native developer jobs,https://groww.in/careers,groww.in,2025-10-01 17:48:38
,Careers at Zoho Corporation Zoho.com Home Jobs Log in Register Home Jobs Log in Register Zoho Corp Full Time Share job via email Iâm interested Share it to Job listing Job details Job Description Iâm interested Job Information Region Country Industry View all Jobs,,N/A,N/A,N/A,React Native developer jobs,https://www.zoho.com/careers/jobdetails/?job_id=2803000614913786,www.zoho.com,2025-10-01 17:48:39
Swiggy Careers,Swiggy Careers Swiggy Career,,N/A,N/A,N/A,React Native developer jobs,https://careers.swiggy.com/,careers.swiggy.com,2025-10-01 17:48:39
N/A,,,N/A,N/A,N/A,React Native developer jobs,https://jobs.hexaware.com/,jobs.hexaware.com,2025-10-01 17:48:45
